0.2866484157257006;1;0;0;0;1;0;0;0.875243158115298;0;0;0;1;0;0;0;0;1;-1;0.0968;0.0969;0.09693333333333333;0.09695;0.09696
0.16463297495841683;0;-1;0;0;0;0;0;0.13246791285448736;0;0;1;0;0;0;0;0;0;0;0.0968;0.0969;0.09693333333333333;0.09695;0.09696
0.031014697410032377;0;0;1;0;0;-1;0;0.07695260121643996;0;0;0;0;1;0;0;0;0;0;0.101;0.1006;0.10046666666666666;0.1004;0.10036
0.029627646102321815;0;0;0;0;1;1;0;0.0011372035620254288;0;1;1;0;0;0;0;0;0;0;0.0956;0.0963;0.09653333333333333;0.09665;0.09672
0.36891708896330766;-1;0;0;0;-1;1;0;0.002746362160626335;0;0;0;0;0;0;0;-1;-1;0;0.0986;0.0973;0.09693333333333333;0.09675;0.0968
0.45916212414299945;0;0;1;1;1;0;0;0.018694397730803933;0;0;0;-1;0;0;0;0;0;0;0.0674;0.0726;0.0756;0.07785;0.07972
0.09522054222356065;0;1;0;1;0;0;1;0.08126162169649984;0;0;0;0;0;1;0;0;0;1;0.096;0.0965;0.09666666666666666;0.09675;0.0968
0.2879234551435408;0;0;0;0;0;1;0;0.04613271271908048;1;0;0;-1;1;0;0;0;0;0;0.0984;0.1017;0.10293333333333334;0.104;0.10476
0.4405763508553598;-1;0;0;0;0;0;0;0.07605942169465077;0;0;0;0;0;0;0;1;0;1;0.0972;0.0971;0.09706666666666666;0.09705;0.09704
0.008484859188998634;1;0;1;0;0;0;0;0.04129141324091427;0;0;0;1;0;0;0;1;0;1;0.0964;0.0967;0.0968;0.09685;0.09688
0.4709098753247622;0;-1;0;0;0;0;0;0.7615765531847796;0;0;0;0;0;0;0;0;0;-1;0.0824;0.0842;0.08486666666666667;0.08535;0.08564
0.39627289244238045;0;0;0;1;0;0;1;0.21675020495797992;0;0;0;-1;0;0;0;0;0;0;0.104;0.1119;0.11546666666666666;0.11675;0.11736
0.1469755848088452;-1;0;1;0;0;0;0;0.05240375524806156;0;0;0;0;0;0;-1;0;0;0;0.0792;0.0679;0.06793333333333333;0.07925;0.08792
0.3064465355617155;0;0;0;0;0;1;0;0.21688166181076424;0;0;0;0;1;0;1;0;0;-1;0.09;0.0888;0.08893333333333334;0.08905;0.089
0.0001822256237829816;-1;0;1;0;0;0;0;0.17476214014368477;0;0;1;0;0;0;0;0;0;0;0.097;0.097;0.097;0.097;0.097
0.010371516976011571;0;0;1;0;0;0;0;0.5953454134306547;-1;1;1;0;0;-1;0;0;0;0;0.097;0.097;0.097;0.097;0.097
0.880773179023287;0;0;0;0;1;0;0;0.04972184692621108;0;0;0;0;-1;0;-1;1;0;-1;0.0758;0.0786;0.0806;0.08205;0.08332
0.01786469526708391;0;0;-1;0;0;0;-1;0.5568779326407949;0;0;0;0;0;0;0;0;1;0;0.1444;0.1466;0.1458;0.14525;0.14436
0.3744147633031596;0;0;0;-1;0;0;1;0.7284954260725071;0;0;0;0;0;0;0;-1;0;0;0.0968;0.0969;0.09693333333333333;0.09695;0.09696
0.18684550762323981;0;0;0;0;-1;0;0;0.5383628820307668;0;0;0;0;0;0;-1;0;0;0;0.096;0.0965;0.09666666666666666;0.09675;0.0968
0.24766943117364426;0;0;0;0;-1;0;0;0.0570459726353318;0;0;0;0;0;0;-1;0;0;0;0.0966;0.0968;0.09686666666666667;0.0969;0.09692
0.5039109786891033;1;0;1;0;0;1;0;0.1704123321997706;0;0;0;-1;0;0;0;0;0;0;0.1526;0.1592;0.1474;0.1475;0.14633333333333334;0.1448;0.14368
0.2731572946917646;0;-1;0;0;1;0;1;0.11981161021437432;0;0;1;0;0;0;0;0;0;0;0.096;0.0965;0.09666666666666666;0.09675;0.0968
0.055216212724907614;0;0;0;0;0;0;1;0.2076412742686392;0;1;0;0;0;0;0;0;0;0;0.096;0.0965;0.09666666666666666;0.09675;0.0968
0.3470552877275951;1;0;0;0;0;0;0;0.6835326393540868;-1;0;1;0;0;0;0;0;0;0;0.097;0.097;0.097;0.097;0.097
0.18161771306145602;0;-1;0;0;-1;0;0;0.18272122462071266;0;1;0;1;0;0;0;0;0;-1;0.09641928385677136;0.0967096709670967;0.09680645376358424;0.09685484274213711;0.0968838753550142
0.047760084717219244;0;-1;-1;1;0;0;0;0.06350769145816676;0;0;1;0;0;0;1;0;0;0;0.09665799479687813;0.09682904871461438;0.09688604387544175;0.09691453718057709;0.0969316317958155
0.20533384789355688;0;1;0;-1;-1;0;0;0.4979354449993175;0;-1;1;0;0;0;0;0;0;0;0.0962;0.0966;0.09673333333333334;0.0968;0.09684
0.05485598658447967;0;0;0;0;0;0;-1;0.011434402210170716;1;0;0;0;0;0;0;0;0;0;0.0874;0.0838;0.08253333333333333;0.08285;0.08332
8.330120744015995e-06;-1;0;-1;0;0;0;0;0.8651501802863831;0;0;0;1;-1;0;0;0;-1;0;0.1028;0.1028;0.1028;0.1028;0.1028
0.09708649592114883;0;0;0;0;1;0;-1;0.00010864355204562846;-1;0;0;0;0;0;-1;0;0;-1;0.1394;0.1491;0.14733333333333334;0.1449;0.1428
0.7050031576380651;0;0;0;-1;0;0;1;0.9441589728117109;0;0;0;0;0;0;1;-1;1;0;0.0968;0.0969;0.09693333333333333;0.09695;0.09696
0.5520634489830327;-1;0;0;0;0;0;0;0.05396206849512578;0;0;1;0;0;0;0;0;0;-1;0.0944;0.0939;0.0938;0.09375;0.09372
0.266169501655863;-1;0;0;0;0;0;0;0.3211603415323866;0;0;0;0;0;0;0;1;0;0;0.1312;0.1323;0.13286666666666666;0.1336;0.13412
0.19894364835079215;0;1;0;0;0;0;0;0.013722627646594342;0;1;1;0;0;0;0;0;0;0;0.0974;0.0972;0.09713333333333334;0.0971;0.09708
0.59602368948597;1;0;0;1;0;0;0;0.00796739933252592;0;0;1;0;0;0;0;0;0;0;0.0964;0.0967;0.0968;0.09685;0.09688
0.8595704001029854;0;0;-1;0;0;0;-1;0.30621236419977205;0;0;0;-1;0;0;0;0;0;-1;0.0962;0.1002;0.10193333333333333;0.103;0.10364
0.35287424422042074;0;0;-1;0;0;0;0;0.08159759789298211;0;0;0;0;0;-1;0;0;0;0;0.105;0.0994;0.09753333333333333;0.0966;0.09604
0.9125198760786076;-1;0;-1;0;0;0;1;0.2057805461198727;-1;0;0;0;-1;0;0;-1;0;0;0.09718875502008033;0.0970941883767535;0.09706275033377837;0.09704704704704704;0.09703763010408327
0.03622104168414613;0;0;0;1;0;0;-1;0.4550609809104302;1;0;0;0;0;0;0;0;0;0;0.0998;0.0997;0.09966666666666667;0.09965;0.09964
0.12728370416996032;0;0;0;0;1;1;0;0.0003679423338622529;0;0;0;1;0;0;0;0;1;0;0.1006;0.0988;0.0982;0.0979;0.09772
0.09614738688568589;0;0;0;-1;0;0;1;8.046848499425624e-05;0;0;-1;0;0;0;0;-1;0;0;0.0998;0.1125;0.12366666666666666;0.1213;0.11744
0.002855680922803557;0;-1;0;0;1;-1;0;0.08463245173953146;0;-1;1;1;0;0;0;0;0;-1;0.096;0.0965;0.09666666666666666;0.09675;0.0968
0.03246086579015784;0;0;1;0;0;1;0;0.3926098528693489;0;-1;0;0;0;1;0;0;1;0;0.0938;0.0938;0.0938;0.0938;0.0938
0.9362461287910817;0;0;0;1;0;0;0;0.05880925804144764;0;0;1;0;0;0;0;0;0;0;0.096;0.0965;0.09666666666666666;0.09675;0.0968
0.005910964584904278;0;0;-1;0;0;0;0;0.3076222990073492;0;0;1;0;0;0;0;0;0;0;0.0968;0.0969;0.09693333333333333;0.09695;0.09696
0.13934740692297057;0;0;0;1;0;0;-1;0.010111336909109408;0;1;0;0;0;1;0;1;0;0;0.0964;0.0967;0.0968;0.09685;0.09688
0.11604928522822776;0;0;-1;0;0;0;0;0.8578840317983025;0;1;0;0;0;0;0;1;0;0;0.0648;0.0738;0.08026666666666667;0.0838;0.08548
0.6261972137343991;1;0;0;0;0;0;0;0.471422891211949;0;0;0;0;0;1;0;0;0;0;0.0968;0.0969;0.09693333333333333;0.09695;0.09696
0.27670969377822374;1;0;0;0;0;0;0;0.759237434005613;0;0;0;0;0;0;0;0;0;1;0.0968;0.0969;0.09693333333333333;0.09695;0.09696
0.2036567535593899;-1;0;0;0;1;0;-1;0.03939957246332596;0;0;0;-1;0;-1;0;0;0;0;0.0922;0.0959;0.096;0.09605;0.09608
0.10042621300228674;-1;-1;0;0;1;0;0;0.5139024159000892;0;0;0;-1;0;0;0;0;0;0;0.1398;0.1353;0.1328;0.13065;0.12924
0.1266032263798705;0;0;0;1;0;0;0;0.5304739687976591;0;-1;0;0;0;1;0;0;-1;-1;0.0968;0.0969;0.09693333333333333;0.09695;0.09696
0.09687556699640977;-1;0;0;0;-1;0;0;0.6005715565574322;0;0;0;0;0;0;-1;0;0;1;0.0968;0.0969;0.09693333333333333;0.09695;0.09696
0.7827685511227715;0;1;0;0;-1;0;0;0.39570192497908185;0;0;1;0;0;0;0;-1;0;1;0.0968;0.0969;0.09693333333333333;0.09695;0.09696
0.42064662496307775;0;0;0;0;1;0;0;0.5331853196028924;0;0;0;0;0;1;0;0;0;0;0.0966;0.0968;0.09686666666666667;0.0969;0.09692
0.07331930121301113;0;1;1;0;0;-1;0;0.08954844411971354;0;0;0;0;0;0;0;0;0;-1;0.0874;0.0976;0.10326666666666667;0.10665;0.10936
0.3057507554832799;0;0;0;-1;0;1;0;0.5133060906162016;0;0;0;0;0;0;0;0;-1;0;0.0952;0.0961;0.0964;0.09655;0.09664
0.0001377631856209561;1;-1;0;-1;0;0;0;0.12670157651110714;0;0;1;0;0;0;0;0;0;-1;0.0946;0.0942;0.09406666666666667;0.094;0.09392
0.47058311613962417;1;1;0;0;0;0;0;5.9395042995249945e-06;0;-1;0;0;0;1;0;0;0;0;0.1418;0.133;0.1326;0.1367;0.14016
0.609130227936529;-1;0;0;0;0;0;0;0.1491871286223888;-1;0;1;0;0;0;0;0;-1;0;0.0962;0.0966;0.09673333333333334;0.0968;0.09684
0.009047350139543234;1;1;0;0;0;0;0;0.9899146724053401;0;0;0;0;0;0;0;0;0;1;0.097;0.097;0.097;0.097;0.097
0.2205874739379426;0;1;0;0;-1;0;0;0.037235022205681874;-1;0;0;0;0;0;-1;-1;0;0;0.1002;0.1009;0.101;0.1011;0.10116
0.23990978139564975;0;0;0;0;0;0;-1;0.416314135095223;0;0;0;0;0;0;0;0;0;1;0.0968;0.0969;0.09693333333333333;0.09695;0.09696
0.11686121324110023;0;1;0;0;0;0;0;9.909836443449403e-07;0;1;0;0;0;0;0;0;0;0;0.0418;0.0421;0.04306666666666667;0.04385;0.0446
0.08726376661776657;0;0;1;0;0;0;0;0.4537271385765095;0;0;0;0;0;0;1;0;0;0;0.0964;0.0967;0.0968;0.09685;0.09688
0.13337549880938168;0;-1;0;0;0;0;-1;0.9487393931579249;0;0;0;-1;0;0;0;0;0;1;0.1026;0.1038;0.10413333333333333;0.1042;0.10408
0.07094124154407315;0;0;1;0;0;1;0;0.4531914328506132;0;0;0;0;1;0;0;0;0;0;0.0966;0.0968;0.09686666666666667;0.0969;0.09692
0.06692417472383243;0;1;0;0;-1;0;0;0.011431657971373603;0;1;1;0;0;0;0;0;0;0;0.0972;0.0971;0.09706666666666666;0.09705;0.09704
0.42074402741981476;0;-1;0;0;0;0;-1;0.12342555918835546;0;0;0;0;0;0;0;0;0;-1;0.0824;0.0872;0.08966666666666667;0.09085;0.09212
0.03593967582316353;-1;0;-1;0;0;1;0;0.944910889751911;0;0;-1;0;0;0;0;0;0;0;0.09703881552621048;0.09701940388077615;0.09701293505800773;0.09700970097009701;0.09700776062084966
0.004090947578770652;0;0;-1;0;1;0;-1;0.692243209444491;0;0;0;0;0;0;0;0;0;1;0.0968;0.0969;0.09693333333333333;0.09695;0.09696
0.3016071385419216;-1;0;0;0;0;1;0;0.11168374830102354;0;0;1;0;0;0;0;0;0;0;0.0968;0.0969;0.09693333333333333;0.09695;0.09696
0.0016584177905027376;0;0;0;0;0;1;0;0.5244420291768583;0;0;0;0;0;0;-1;-1;1;0;0.0968;0.0969;0.09693333333333333;0.09695;0.09696
0.778255026553614;-1;-1;0;0;0;0;0;0.2547170733916608;0;0;0;0;0;0;1;0;1;0;0.096;0.0963;0.0964;0.09645;0.09648
0.9489392272208383;1;0;0;0;0;1;0;0.0038620731869908687;0;0;0;0;0;0;0;0;0;-1;0.0844;0.0865;0.0858;0.0843;0.08296
0.02903987042178354;0;0;0;1;0;0;0;0.936292057393995;0;-1;0;1;0;0;0;0;0;0;0.096;0.0965;0.09666666666666666;0.09675;0.0968
0.5824506744948644;1;0;0;0;0;0;0;0.4237544795321373;1;0;0;0;0;0;0;0;-1;0;0.0958;0.0967;0.09673333333333334;0.09795;0.09796
0.7343649300843409;0;0;-1;0;0;0;0;0.003616888152452164;0;1;0;0;0;0;0;0;0;-1;0.0748;0.0763;0.0754;0.0744;0.0744
0.040329394702658436;-1;0;0;0;0;0;0;0.7283053867872182;0;0;0;0;0;0;-1;0;0;0;0.0542;0.0606;0.0636;0.06505;0.0658
0.4250776838165577;-1;0;0;0;0;0;-1;0.658909315502972;1;0;0;0;0;0;0;0;0;0;0.097;0.097;0.097;0.097;0.097
0.4078496002819753;-1;0;0;0;0;0;0;0.2564874030988738;0;0;0;-1;0;0;0;1;0;0;0.1286;0.1212;0.1176;0.11535;0.11404
0.008552267764289983;0;0;1;0;0;0;0;0.0009893327132833387;1;0;0;0;-1;0;0;0;0;0;0.0908;0.0913;0.09113333333333333;0.0912;0.09092
6.684317074422618e-05;0;0;0;0;0;0;1;0.019439654727664554;0;-1;0;0;1;0;0;-1;-1;0;0.0496;0.0591;0.060733333333333334;0.0639;0.06648
0.05208385455725731;1;0;0;0;0;0;0;0.08375976963063081;0;0;0;1;0;0;0;0;0;0;0.0962;0.0966;0.09673333333333334;0.0968;0.09684
0.4584713714855832;0;0;1;0;1;0;0;0.00033803145748697574;0;0;0;0;0;1;0;0;0;0;0.1;0.0982;0.0978;0.0976;0.09748
0.9130340886172617;1;0;-1;0;0;1;0;0.12345594020966327;0;1;0;-1;0;0;0;0;0;0;0.1234;0.134;0.14086666666666667;0.14445;0.14656
0.37887591134260923;0;-1;0;0;0;0;0;0.3408581534935273;1;0;0;0;-1;0;-1;-1;0;0;0.0968;0.0969;0.09693333333333333;0.09695;0.09696
0.2696395632043808;0;0;0;0;1;0;0;0.18719116571245745;0;1;0;0;0;0;0;0;0;0;0.0962;0.0966;0.09673333333333334;0.0968;0.09684
0.6297936943759909;0;0;-1;0;0;0;0;0.05503299462079859;-1;0;0;0;0;0;0;0;0;0;0.0968;0.0969;0.09693333333333333;0.09695;0.09696
0.0015906403672686518;0;0;0;0;0;1;0;0.690646357821785;0;0;0;0;0;1;0;0;0;0;0.096;0.0965;0.09666666666666666;0.09675;0.0968
0.05191289876738191;1;0;0;0;0;0;0;0.031114946664622504;0;0;1;0;0;0;0;0;0;0;0.097;0.097;0.097;0.097;0.097
0.43399227993874184;0;0;1;0;0;-1;0;0.1125631529582462;1;0;0;0;0;0;0;-1;0;0;0.1006;0.1006;0.1006;0.1006;0.1006
0.11663057084055266;0;0;0;0;0;-1;0;0.12162242021400793;-1;0;0;0;0;0;0;0;0;-1;0.1016;0.1033;0.10426666666666666;0.1048;0.10492
0.5989634029416153;1;-1;0;0;0;0;0;0.22214813575621453;1;0;0;0;0;0;0;0;1;-1;0.1204;0.1194;0.11866666666666667;0.1169;0.11684
0.9482355183346433;0;-1;0;0;0;0;0;0.08244119464920044;-1;0;0;0;0;-1;0;0;0;1;0.097;0.097;0.097;0.097;0.097
0.16191487138419616;-1;0;0;0;0;0;0;0.0007916799858682166;-1;0;0;1;0;0;1;0;0;-1;0.1096;0.1084;0.108;0.1078;0.10768
0.15460248309610278;-1;1;0;0;0;0;-1;0.07425866747131503;0;0;0;-1;0;-1;0;0;0;0;0.0974;0.0968;0.0966;0.0965;0.09644
0.11025469053210514;0;0;0;0;1;0;0;0.16927059182520948;0;0;0;0;0;0;0;1;0;0;0.097;0.097;0.097;0.097;0.097
0.9891151169918896;0;0;-1;0;1;0;0;0.10598757761909608;0;0;0;0;0;0;0;1;1;0;0.0968;0.0969;0.09693333333333333;0.09695;0.09696
0.02610369720477818;0;1;0;0;0;1;0;0.19114072435099497;0;1;0;0;0;0;0;0;0;0;0.096;0.0965;0.09666666666666666;0.09675;0.0968
0.15113131528033893;0;0;0;0;-1;0;0;0.38112975968848106;0;0;0;0;1;0;0;0;1;0;0.1104;0.1157;0.1162;0.11625;0.1162
0.07619743830768697;-1;0;0;0;0;0;0;0.6186618320483953;0;0;1;0;-1;1;-1;0;0;0;0.0968;0.0969;0.09693333333333333;0.09695;0.09696
0.0006448604509334054;-1;0;1;0;1;0;0;0.6309652203041356;0;0;1;0;-1;0;0;0;0;1;0.097;0.097;0.097;0.097;0.097
0.00014697953229574255;0;-1;0;0;0;0;0;0.975279579679778;0;0;1;0;1;-1;-1;0;0;0;0.0966;0.0968;0.09686666666666667;0.0969;0.09692
0.2700716950192206;0;0;1;0;1;0;0;0.0023017016064962328;0;0;1;0;0;0;0;-1;0;1;0.096;0.0961;0.09613333333333333;0.09615;0.09616
0.3837079466155526;-1;1;0;0;1;0;0;0.950851053375295;0;1;0;0;1;0;0;0;0;0;0.09701940388077615;0.09700970097009701;0.09700646709780653;0.09700485024251213;0.09700388015520621
0.0031029133268253746;0;0;0;0;-1;1;1;0.9381907139654502;0;1;-1;0;0;0;0;0;1;0;0.09703881552621048;0.09701940388077615;0.09701293505800773;0.09700970097009701;0.09700776062084966
0.006927527838333915;0;0;0;0;-1;0;0;0.30195688123236364;1;0;0;0;0;0;0;0;-1;0;0.041;0.0373;0.0358;0.03585;0.03708
0.050081985104131886;1;0;0;0;1;0;0;0.032834445583446815;0;0;0;0;0;0;0;-1;0;0;0.116;0.1169;0.11686666666666666;0.11675;0.11652
0.15540205149513994;0;0;0;-1;0;0;0;0.0920311815007701;0;0;0;0;0;-1;0;0;0;0;0.1072;0.1024;0.1;0.09845;0.09752
0.01051606024289904;1;0;0;-1;0;0;0;0.058885060267607744;0;0;0;0;0;0;0;0;0;1;0.0974;0.0972;0.09713333333333334;0.0971;0.09708
0.8456218569467924;-1;1;0;0;0;0;0;0.9283142341455137;0;0;0;0;-1;0;0;0;0;0;0.097;0.097;0.097;0.097;0.097
0.3776944182406261;0;0;-1;0;0;0;1;0.15005355111945962;0;0;1;1;0;0;0;0;0;0;0.0968;0.0969;0.09693333333333333;0.09695;0.09696
0.3165093232049242;0;0;0;1;1;0;0;0.294950619290726;0;0;0;1;0;0;0;0;0;0;0.0966;0.0968;0.09686666666666667;0.0969;0.09692
0.8916083406531249;0;0;0;1;0;-1;0;0.08700176177955375;0;0;0;0;0;0;0;0;0;-1;0.1104;0.1061;0.107;0.1076;0.10848
0.2045071442019815;-1;0;0;0;0;0;0;0.4052470826185255;0;1;1;0;-1;0;0;0;0;0;0.0968;0.0969;0.09693333333333333;0.09695;0.09696
0.05600382134973691;-1;0;-1;0;0;0;0;0.7402954428128263;0;1;0;0;0;-1;-1;0;-1;0;0.1018;0.1024;0.1022;0.10225;0.10224
0.2347018824854137;0;-1;1;0;0;0;0;0.26494621967721915;0;0;0;0;1;0;1;0;-1;-1;0.1266;0.1354;0.13673333333333335;0.13405;0.13472
0.3148113161773976;1;1;0;0;0;0;0;0.17795098572910012;0;0;1;0;-1;0;0;0;0;-1;0.0928;0.0923;0.09586666666666667;0.0956;0.09552
0.7670122002915195;0;0;0;0;0;0;-1;0.00021550298954960806;0;1;0;0;0;0;0;0;0;0;0.0968;0.0936;0.09713333333333334;0.09915;0.10028
0.760872197471106;1;0;0;0;0;0;0;0.030377690276727067;1;0;0;1;-1;0;0;0;0;0;0.097;0.097;0.097;0.097;0.097
0.7674443047664062;0;0;0;0;1;0;0;0.6244284239979668;0;0;0;0;0;0;-1;0;0;0;0.1332;0.1354;0.138;0.13985;0.14132
0.15757033006455268;0;0;0;0;0;-1;-1;0.8172481905831657;1;0;0;0;-1;0;0;0;0;0;0.0932;0.093;0.093;0.0928;0.09244
0.3465943406602974;1;-1;0;0;1;0;0;0.5704265954613107;0;-1;0;0;0;0;0;0;0;1;0.0968;0.0969;0.09693333333333333;0.09695;0.09696
0.21993296444991725;0;0;0;0;1;1;0;0.09454125493769024;0;1;0;1;1;0;0;0;-1;0;0.0966;0.0968;0.09686666666666667;0.0969;0.09692
0.15205202157503667;-1;0;0;0;0;0;0;0.00027731177201281997;0;0;1;0;0;0;0;-1;0;0;0.0928;0.092;0.09366666666666666;0.0945;0.095
0.807506583984546;0;0;-1;0;0;1;0;0.9038476006071962;0;0;0;0;-1;0;0;0;0;0;0.09741948389677936;0.09730973097309731;0.0972064804320288;0.09715485774288714;0.09712388495539821
0.052023033007709364;0;0;1;0;-1;0;0;0.2931222404693356;0;0;0;0;0;0;0;0;0;-1;0.1136;0.1146;0.11546666666666666;0.11665;0.11744
0.04435656530707273;0;1;-1;0;1;0;0;0.0006603481841555683;-1;0;0;0;0;-1;0;0;0;0;0.071;0.0903;0.0938;0.09485;0.09528
0.01480176903578392;1;0;1;0;0;-1;0;0.37057546300174793;0;0;0;-1;0;0;0;0;0;0;0.1172;0.117;0.118;0.11805;0.118
0.06076960176136335;0;-1;0;1;0;-1;0;0.8155699873356788;0;0;0;0;0;0;0;0;1;0;0.097;0.097;0.097;0.097;0.097
0.2464726479964963;-1;0;0;0;1;0;0;0.04642877201279122;0;1;0;-1;0;0;0;0;-1;0;0.135;0.1478;0.15293333333333334;0.1674;0.1588;0.1606;0.149;0.141;0.13813333333333333
0.01512732378747737;0;0;0;-1;0;0;1;0.14257260138749672;-1;0;0;0;0;0;0;0;0;0;0.0948;0.0943;0.09413333333333333;0.09405;0.094
0.8955938089876355;-1;0;0;0;-1;0;0;0.00835181887782533;0;0;0;0;0;-1;0;0;0;0;0.0948;0.0966;0.09726666666666667;0.0977;0.09796
0.29654305140820186;1;0;0;0;0;0;0;0.019472500620866123;0;0;1;1;0;0;0;1;-1;0;0.0964;0.0967;0.0968;0.09685;0.09688
0.003641359743262122;0;-1;0;0;0;0;1;0.7068959667419371;0;0;0;1;0;-1;0;0;0;-1;0.1006;0.0975;0.09626666666666667;0.09565;0.09528
0.1272728758404352;0;0;-1;0;1;0;0;0.024306673158131047;0;0;0;0;0;0;0;1;-1;1;0.0366;0.0319;0.0532;0.06485;0.0714
0.31189977531623875;0;0;0;0;0;0;-1;0.5072948887874182;1;0;1;0;0;0;0;0;0;0;0.09705823494096458;0.09702910873261979;0.09701940388077615;0.09701455218282742;0.09701164139696763
0.3903182918491694;0;0;1;0;0;0;0;0.3568516525846144;0;1;0;0;0;0;0;1;0;0;0.097;0.097;0.097;0.097;0.097
0.01710696559570138;0;0;-1;0;0;0;-1;0.07863521623831768;0;0;0;0;0;0;-1;0;0;0;0.0948;0.0769;0.07393333333333334;0.0753;0.07616
0.30044091900672437;0;0;0;0;0;0;1;0.03331912074472454;0;0;0;0;0;0;0;0;0;1;0.0974;0.0972;0.09713333333333334;0.0971;0.09708
0.8999036556974059;1;0;1;0;0;0;0;0.20931472310616006;1;0;1;0;0;0;0;0;0;0;0.097;0.097;0.097;0.097;0.097
0.7856134902921134;1;0;1;0;0;0;0;0.22453305787607064;0;0;0;0;0;0;0;0;1;0;0.0968;0.0969;0.09693333333333333;0.09695;0.09696
0.000138707753089363;1;0;-1;0;0;0;0;0.2263844778646312;0;0;0;0;0;0;0;1;0;0;0.1024;0.1041;0.10506666666666667;0.1049;0.10404
0.025194345205376903;-1;0;1;0;0;-1;0;0.0015020789337887946;0;0;0;0;0;0;0;0;0;-1;0.0816;0.0842;0.08613333333333334;0.08715;0.08776
0.7998810734638524;0;0;0;1;0;0;1;0.001868137147384974;0;0;0;0;0;0;0;0;1;0;0.0898;0.0934;0.0946;0.0952;0.09556
0.1085580942555727;1;0;0;0;0;0;0;0.0031751480426700147;0;0;0;0;0;0;0;-1;0;0;0.082;0.0877;0.08946666666666667;0.0905;0.09104
0.022098586655329752;0;0;0;0;1;0;0;0.22023173910227467;0;1;0;0;0;-1;0;0;0;0;0.0998;0.1005;0.10073333333333333;0.10085;0.10092
0.6303465628604662;1;0;0;0;1;0;-1;0.9031145138122649;0;0;0;1;-1;0;-1;0;0;0;0.09645077200721877;0.09672574346650646;0.09681724160939481;0.09686296092460099;0.09689038299915956
0.6301227942010447;0;0;0;0;0;0;1;0.12812457205348626;0;1;0;-1;0;0;0;0;0;1;0.0966;0.0968;0.09686666666666667;0.0969;0.09692
0.0506784102138731;0;0;1;0;0;0;0;0.06864686118790722;0;0;0;1;0;0;0;1;0;0;0.096;0.0965;0.09666666666666666;0.09675;0.0968
0.0027342638462782474;-1;-1;0;0;0;0;0;0.04564233084552764;0;-1;1;0;0;0;0;0;0;0;0.094;0.0955;0.096;0.09625;0.0964
0.7185998017402623;0;-1;1;0;0;0;0;0.3049535269333531;1;0;0;0;0;0;-1;1;0;1;0.096;0.0965;0.09666666666666666;0.09675;0.0968
0.9742247903449004;0;1;0;0;0;0;0;0.06490559212381829;0;0;0;-1;0;0;0;0;0;0;0.0914;0.0949;0.0956;0.0955;0.09564
0.25649048584082795;0;-1;0;0;0;0;0;0.04150721109573056;0;0;0;0;0;0;1;0;0;0;0.1496;0.1491;0.1462;0.14405;0.14244
0.002731003633838451;0;0;1;0;0;0;0;0.37494652429192615;0;0;0;0;0;0;0;-1;0;0;0.0992;0.0922;0.09073333333333333;0.09065;0.09076
0.35928684203129935;0;1;0;0;0;0;0;0.555404743687739;0;0;0;1;0;0;0;0;0;0;0.097;0.097;0.097;0.097;0.097
0.48105105641242585;0;0;-1;0;0;0;0;0.7343628211451911;0;0;0;0;0;0;0;-1;1;0;0.081;0.0692;0.0716;0.0729;0.07468
0.04051494460354676;0;0;-1;0;0;0;0;0.01587878273103752;0;0;0;0;0;0;0;-1;0;0;0.0988;0.0979;0.0976;0.09745;0.09736
0.9617105775724167;0;0;-1;0;-1;0;0;0.14153883743482698;0;0;0;-1;0;0;0;0;0;0;0.12;0.1147;0.11306666666666666;0.112;0.11136
0.0034071120621447285;0;0;0;0;1;0;0;0.5208711516870461;0;0;0;1;0;0;0;0;0;0;0.097;0.097;0.097;0.097;0.097
0.29621797057940413;-1;0;0;0;-1;0;0;0.8006727193444422;0;0;1;0;0;0;0;0;0;-1;0.1072;0.1072;0.1072;0.1072;0.1072
0.09352729011731836;0;-1;0;0;0;0;0;0.008127758346744283;0;0;0;0;0;0;0;1;0;0;0.1294;0.126;0.12513333333333335;0.12525;0.12528
0.12608503686281464;0;0;0;0;1;0;0;0.9189059615404828;0;0;0;0;0;0;0;0;0;1;0.0966;0.0968;0.09686666666666667;0.0969;0.09692
0.5640058850482492;0;0;0;0;-1;0;1;0.002316185092815546;0;0;0;0;0;-1;0;0;0;0;0.0778;0.0869;0.09053333333333333;0.0928;0.09404
0.2690757982577395;-1;0;0;0;0;0;0;0.30027622698873074;0;0;0;-1;0;0;1;0;0;0;0.1058;0.1012;0.09886666666666667;0.09755;0.09672
0.15624037071309174;0;0;1;0;0;0;0;0.506557606974613;0;0;0;0;0;0;0;0;0;-1;0.0722;0.0773;0.07886666666666667;0.07965;0.08052
0.0010970761000718716;-1;0;0;0;0;0;0;0.29636448484657013;0;0;1;1;0;1;0;0;0;0;0.0968;0.0969;0.09693333333333333;0.09695;0.09696
0.6079426024499217;0;-1;0;0;0;1;0;0.2843432927721905;0;0;0;0;0;0;0;0;0;-1;0.0982;0.1024;0.10426666666666666;0.1049;0.1052
0.42742829017070283;0;-1;0;0;0;0;0;0.41320110168495916;0;0;1;0;0;0;0;0;0;0;0.097;0.097;0.097;0.097;0.097
0.1770962825868352;0;-1;0;0;-1;0;0;0.00123120371732654;0;0;0;0;0;1;0;0;0;0;0.0692;0.0722;0.07626666666666666;0.0779;0.07972
0.11812440016369495;0;0;-1;0;0;0;0;0.016140656811970994;0;1;0;0;0;1;0;0;0;0;0.062;0.0682;0.06926666666666667;0.0688;0.06956
0.26258732558794823;0;0;0;0;-1;1;0;0.00064008294525864;0;0;0;0;0;0;0;-1;0;0;0.113;0.1131;0.1132;0.11325;0.11332
0.16902778478936398;-1;0;0;0;0;0;0;0.6224919370568864;0;0;0;0;0;1;0;0;0;0;0.0798;0.0793;0.07773333333333333;0.07765;0.0782
0.5188682986162465;0;-1;0;0;0;0;0;0.29906352858345453;0;1;-1;0;0;0;0;0;-1;-1;0.09685811486892135;0.09692907872361708;0.09695272387810895;0.09696454468170225;0.09697163659639156
0.023216077170253282;0;1;0;0;0;0;0;0.3109560188496368;0;0;0;0;0;0;-1;0;0;0;0.0994;0.1144;0.12193333333333334;0.1263;0.12948
0.7187408506902216;0;0;0;0;0;0;1;0.5965484998302155;0;0;1;0;0;1;0;0;0;0;0.0968;0.0969;0.09693333333333333;0.09695;0.09696
0.09830841520504567;0;0;0;0;-1;1;0;0.11515461374122708;0;1;1;0;0;0;0;0;0;0;0.0966;0.0968;0.09686666666666667;0.0969;0.09692
0.06388229708214459;0;0;1;0;0;1;0;0.9667697150380477;0;1;0;0;0;0;0;0;0;0;0.0968;0.0969;0.09693333333333333;0.09695;0.09696
0.49192110360352753;0;1;0;0;0;0;1;0.7128815247128731;0;0;0;1;0;0;0;0;0;-1;0.1028;0.1028;0.1028;0.1028;0.1028
0.4100688073510714;0;0;0;0;1;1;0;0.6878365475432251;0;0;0;1;0;0;0;0;0;0;0.097;0.097;0.097;0.097;0.097
0.9430260141089281;1;-1;0;0;0;0;0;0.3969535967972877;0;0;0;1;0;1;0;0;-1;0;0.0964;0.0967;0.0968;0.09685;0.09688
0.0005274797376999163;0;0;0;-1;0;0;0;0.8648476988685581;0;0;1;1;0;1;0;0;0;0;0.0964;0.0967;0.0968;0.09685;0.09688
0.005462618036024525;0;0;0;0;1;0;0;0.10144034501469774;0;0;0;0;0;0;1;0;-1;-1;0.0902;0.0881;0.08726666666666667;0.0872;0.08752
0.060428718724050416;0;0;1;0;0;-1;0;0.8690541607384045;0;0;1;0;0;0;0;0;0;0;0.0968;0.0969;0.09693333333333333;0.09695;0.09696
0.4563146652271779;0;0;0;0;1;0;-1;0.027192233546671506;0;0;0;0;0;0;0;0;1;0;0.114;0.1201;0.12046666666666667;0.1207;0.12068
0.40348107496427893;0;0;0;0;0;0;-1;0.03171590828046323;0;0;0;1;0;0;0;0;0;0;0.0966;0.0968;0.09686666666666667;0.0969;0.09692
0.13209839500209478;-1;0;1;0;0;0;0;0.9111570803415128;0;1;0;0;-1;0;0;0;0;1;0.097;0.097;0.097;0.097;0.097
0.8005098904026147;0;0;0;0;0;0;-1;0.0022445815356348284;1;0;0;-1;0;0;0;0;0;0;0.0984;0.0982;0.09813333333333334;0.0981;0.09808
0.001387822905461508;1;1;1;0;0;0;0;0.7917139609540824;-1;1;1;0;0;-1;0;0;0;0;0.0968;0.0969;0.09693333333333333;0.09695;0.09696
0.24757798242193396;0;-1;0;0;0;1;0;0.7853605642589634;0;0;0;0;1;0;0;0;0;0;0.1034;0.1024;0.10213333333333334;0.1019;0.10176
0.0006343143592955964;0;0;0;1;0;0;0;0.004736359306362653;0;1;0;0;0;0;0;0;0;0;0.0982;0.0976;0.0974;0.0973;0.09724
0.39563388900274526;1;-1;0;-1;0;0;0;0.01917928865271785;0;0;0;-1;0;1;0;0;0;0;0.1106;0.1054;0.10326666666666667;0.102;0.10108
0.05357690739240971;-1;1;0;-1;0;0;0;0.13862857135462112;0;0;1;0;0;-1;0;0;0;0;0.097;0.097;0.097;0.097;0.097
0.9240626849634129;-1;0;1;0;0;0;0;0.8785588757062379;0;0;0;0;0;0;0;1;0;1;0.0968;0.0969;0.09693333333333333;0.09695;0.09696
0.4326111512214332;0;-1;0;1;0;0;-1;0.2998257490301904;0;-1;0;0;0;0;0;0;0;0;0.0962;0.0966;0.09673333333333334;0.0968;0.09684
0.5663774614154977;0;0;0;0;0;1;0;0.5851112147857315;0;0;0;0;0;1;0;0;0;0;0.097;0.097;0.097;0.097;0.097
0.06669216644014964;-1;0;0;1;0;0;-1;0.6776696756140694;0;1;0;0;-1;-1;0;0;0;0;0.0966;0.0968;0.09686666666666667;0.0969;0.09692
0.01959470738567075;0;0;0;0;0;0;-1;0.009656084749196318;0;0;0;1;0;0;0;0;1;0;0.111;0.1045;0.10253333333333334;0.1015;0.101
0.19217397637027894;0;0;-1;0;0;0;0;0.0008948819064786388;0;0;0;0;0;0;0;1;-1;0;0.0774;0.0799;0.06993333333333333;0.0749;0.07868
0.005608187851195795;0;-1;0;0;0;0;0;0.5521149368055888;0;0;0;-1;0;0;0;0;0;0;0.112;0.109;0.1082;0.10795;0.10788
0.10255845641868257;0;1;0;0;0;-1;0;0.0913649556833235;-1;0;1;0;0;0;0;0;0;0;0.097;0.097;0.097;0.097;0.097
0.02436816587921313;0;0;0;0;0;0;1;0.026385911388808903;0;1;0;0;0;-1;0;0;0;0;0.1048;0.1032;0.10266666666666667;0.10235;0.10216
0.00029838023264522893;-1;0;0;0;0;0;-1;0.17660074603382797;0;1;0;-1;-1;0;0;0;0;0;0.0782;0.0805;0.0818;0.08425;0.08596
0.14748787556704576;0;0;-1;0;0;0;0;0.11660055906333348;0;0;0;1;0;0;0;0;0;0;0.0966;0.0968;0.09686666666666667;0.0969;0.09692
0.7275517718473506;-1;0;0;0;1;0;0;0.18724834172967691;1;0;1;0;0;1;0;0;0;0;0.0968;0.0969;0.09693333333333333;0.09695;0.09696
0.7210683936140618;0;0;0;-1;0;0;0;9.044067385405765e-07;0;0;0;0;0;0;0;1;0;0;0.0732;0.0752;0.0792;0.08155;0.08332
0.5535952573960273;0;1;0;0;0;0;0;0.26857864330023884;0;0;1;0;0;0;0;0;1;-1;0.0966;0.0968;0.09686666666666667;0.0969;0.09692
0.06698665193675786;0;0;0;0;1;0;0;0.00570747879707986;0;0;0;-1;0;1;-1;0;0;0;0.1272;0.1323;0.13686666666666666;0.1399;0.14228
0.017709873584436982;0;0;0;0;-1;0;0;0.07636358312950026;0;0;0;0;0;-1;-1;1;0;0;0.0572;0.0772;0.0836;0.08605;0.08704
0.7319143540446238;0;1;0;0;0;0;0;0.15426859477370794;0;0;0;-1;0;0;0;-1;0;0;0.0946;0.0921;0.09166666666666666;0.0915;0.09148
0.01870022964453282;1;0;0;0;-1;0;0;7.5846203410090075e-06;0;0;0;0;-1;-1;0;0;1;0;0.134;0.1345;0.13473333333333334;0.13485;0.13516
0.982007196349415;0;1;0;0;0;0;0;0.44558260864966054;1;0;1;0;0;-1;0;0;0;0;0.0968;0.0969;0.09693333333333333;0.09695;0.09696
0.4213804450326918;0;0;0;1;0;0;0;0.36639890677089065;0;0;-1;0;0;0;0;0;0;0;0.09701940388077615;0.09700970097009701;0.09700646709780653;0.09700485024251213;0.09700388015520621
0.12136254943967635;0;0;-1;0;0;0;0;0.03817183860670553;-1;0;0;0;0;0;0;-1;0;0;0.0974;0.0972;0.09713333333333334;0.0971;0.09708
0.20685566192423652;1;0;0;0;0;0;0;0.9175168645980155;0;0;0;0;0;1;0;0;0;0;0.0962;0.0966;0.09673333333333334;0.0968;0.09684
0.5964412283718783;0;0;0;0;-1;0;0;0.7648878692731564;-1;0;-1;0;0;0;0;0;0;-1;0.09705823494096458;0.09702910873261979;0.09701940388077615;0.09701455218282742;0.09701164139696763
0.004556909220545069;0;0;0;0;0;0;1;0.1416676942759415;0;0;0;0;-1;0;0;0;0;0;0.0612;0.063;0.06573333333333334;0.06775;0.0696
0.35822954591337475;0;0;-1;0;0;0;0;0.47380774482982696;0;0;0;1;0;0;0;-1;0;0;0.0968;0.0969;0.09693333333333333;0.09695;0.09696
0.25802602777768036;0;0;0;0;-1;0;0;0.5061662165732688;0;0;0;0;0;0;1;0;0;0;0.1226;0.1132;0.10553333333333334;0.1003;0.09632
0.17984871085028986;-1;0;0;0;-1;1;0;0.5652503631350818;0;-1;0;0;0;0;0;0;0;0;0.0958;0.0964;0.0966;0.0967;0.09676
0.3951061781827946;0;-1;0;0;0;0;0;0.2917053271866364;0;0;0;0;0;0;-1;0;0;0;0.0968;0.0969;0.09693333333333333;0.09695;0.09696
0.6416928184526943;0;-1;0;1;0;0;-1;0.699287024233668;0;0;0;-1;0;0;0;0;0;-1;0.094;0.0953;0.09586666666666667;0.0958;0.09604
0.8517887734132494;0;1;0;0;1;-1;0;0.8360708357859928;0;0;-1;0;0;0;0;0;0;0;0.09705823494096458;0.09702910873261979;0.09701940388077615;0.09701455218282742;0.09701164139696763
0.2806291523222062;-1;1;0;0;-1;0;0;0.2234872560861086;0;0;0;0;0;0;0;-1;0;-1;0.1168;0.122;0.12406666666666667;0.1253;0.12624
0.7473829091115569;0;0;0;0;-1;1;0;0.00011984870830174696;0;0;0;1;0;0;0;0;0;0;0.095;0.0943;0.09486666666666667;0.0954;0.09572
0.0791687580806827;0;0;0;0;0;-1;0;0.1471997466058283;0;0;0;1;0;0;0;0;0;0;0.097;0.097;0.097;0.097;0.097
0.16190375569477067;0;0;0;0;-1;-1;0;0.917250751704473;0;0;0;0;-1;-1;0;0;0;0;0.09650882825040129;0.0967548076923077;0.09683662573411639;0.09687750200160128;0.09690201729106629
0.6284717043800889;0;-1;0;0;0;-1;0;0.07525959400765699;0;0;0;0;0;0;0;0;0;1;0.0964;0.0967;0.0968;0.09685;0.09688
0.36128983062266423;0;0;0;0;-1;1;0;0.506491971143972;0;0;0;0;0;0;0;-1;0;-1;0.0844;0.0832;0.0832;0.0836;0.08404
0.5473260106987919;0;0;0;0;0;-1;0;0.6676701067674626;0;0;0;0;0;0;0;0;0;-1;0.068;0.073;0.07546666666666667;0.07715;0.07856
0.3266704419922859;0;1;0;0;0;0;0;0.5550584166577359;0;0;1;0;0;0;0;0;0;-1;0.0998;0.0997;0.09966666666666667;0.09965;0.09964
0.925624932483341;0;0;0;-1;0;-1;0;0.7288346803955147;0;-1;1;0;0;0;0;0;0;0;0.0968;0.0969;0.09693333333333333;0.09695;0.09696
0.37764913354450796;0;0;0;0;1;0;0;0.08608754252066449;1;0;0;0;0;1;0;0;-1;1;0.0966;0.0968;0.09686666666666667;0.0969;0.09692
0.1818218028021535;1;0;0;0;0;0;0;0.022352651360029424;0;0;0;0;0;0;0;0;0;1;0.0964;0.0967;0.0968;0.09685;0.09688
0.2738628152305271;1;0;0;0;0;0;0;0.30807439313472373;0;0;0;0;0;0;1;0;1;0;0.0964;0.0967;0.0968;0.09685;0.09688
0.013642788032207667;1;0;0;0;-1;-1;0;0.013436860539498335;0;0;0;1;0;0;0;0;0;1;0.0966;0.0968;0.09686666666666667;0.0969;0.09692
0.8326139582299424;0;0;1;0;1;-1;0;0.9279791297687279;0;0;0;0;0;1;0;0;1;1;0.0968;0.0969;0.09693333333333333;0.09695;0.09696
8.22189184584326e-06;0;0;0;1;0;0;0;0.16396609401577344;-1;0;0;0;0;0;-1;1;0;0;0.098;0.0978;0.09773333333333334;0.0977;0.09764
0.031125270772067035;0;0;0;0;0;0;-1;0.06908750842191431;0;0;0;0;0;-1;0;0;0;0;0.0942;0.094;0.09393333333333333;0.0939;0.09388
0.24493831401596436;0;0;0;0;0;-1;0;0.17364064568193965;0;0;0;-1;0;0;0;0;0;0;0.1562;0.157;0.1488;0.1467;0.14533333333333334;0.145;0.14432
0.05704853687302936;-1;0;0;0;0;1;-1;0.08810173349518881;0;0;1;0;0;0;0;0;0;0;0.0964;0.0967;0.0968;0.09685;0.09688
0.97897070242223;1;0;0;0;0;0;0;0.8166504709290643;-1;0;0;0;0;0;0;0;0;0;0.097;0.097;0.097;0.097;0.097
0.8191702288270687;0;0;0;0;0;0;1;0.22003022864016458;0;1;0;0;0;1;0;0;1;0;0.0968;0.0969;0.09693333333333333;0.09695;0.09696
0.3919741366842894;0;0;0;0;1;-1;0;0.039474407597465726;0;0;0;0;-1;0;0;-1;0;0;0.0432;0.0478;0.0524;0.057;0.06216
0.02864673232830751;1;0;0;0;1;-1;0;0.0021641502892569375;0;0;1;0;0;0;0;0;0;-1;0.1042;0.1029;0.10233333333333333;0.10185;0.10156
0.7188397876137466;0;0;1;0;0;0;0;0.31578084630837266;0;0;0;1;0;0;0;0;0;0;0.097;0.097;0.097;0.097;0.097
0.8623468014894359;0;0;1;0;0;0;0;0.62887082272485;0;1;0;1;0;0;0;0;0;0;0.097;0.097;0.097;0.097;0.097
0.37510698903285494;0;0;0;0;0;0;1;0.9359204574549824;0;0;0;0;0;0;0;0;1;1;0.0968;0.0969;0.09693333333333333;0.09695;0.09696
0.29012361993050856;1;1;0;0;0;0;0;0.7977691711250903;0;0;0;0;0;0;0;0;0;-1;0.116;0.1151;0.11446666666666666;0.1142;0.11384
0.058759585680774926;0;0;-1;0;0;-1;0;0.7609235673023211;1;0;0;1;0;0;0;-1;0;0;0.0962;0.0962;0.0962;0.0962;0.0962
0.7026320346380592;0;1;1;0;0;0;0;0.022213275722765956;0;0;0;0;0;1;0;0;0;0;0.0966;0.0968;0.09686666666666667;0.0969;0.09692
0.1036037349736914;0;0;1;0;0;0;0;0.3810849033539337;0;0;0;0;0;0;0;-1;0;0;0.0892;0.095;0.09893333333333333;0.1015;0.1038
0.7683131326019483;0;0;0;0;0;-1;1;0.9900564102340553;0;0;1;0;0;0;0;0;0;0;0.0968;0.0969;0.09693333333333333;0.09695;0.09696
0.34337068234822143;-1;-1;0;0;0;0;-1;0.44289307784850773;0;0;1;0;0;0;0;0;-1;0;0.0964;0.0967;0.0968;0.09685;0.09688
0.8479089443178256;0;0;0;0;0;0;1;0.10563975673594571;0;0;0;0;-1;-1;0;-1;1;0;0.097;0.097;0.097;0.097;0.097
0.3133928529036592;0;0;-1;0;0;0;1;0.7440757516064311;0;0;1;0;0;1;0;0;0;0;0.0968;0.0969;0.09693333333333333;0.09695;0.09696
0.007870882465953162;0;0;1;0;1;-1;0;0.01668640839544985;0;0;0;0;0;0;0;0;-1;0;0.0244;0.0194;0.018533333333333332;0.0197;0.0214
0.031065505923309034;0;0;0;0;0;1;0;0.09872940016193088;0;0;0;-1;0;0;0;0;0;0;0.0858;0.0882;0.08913333333333333;0.0899;0.09048
0.3881995802533724;0;0;-1;0;1;0;0;0.44926528156722806;0;1;1;0;0;1;0;0;0;0;0.0968;0.0969;0.09693333333333333;0.09695;0.09696
0.0024247510964682606;0;0;0;0;-1;0;0;0.8335928740590255;0;0;0;0;0;0;0;1;0;0;0.1664;0.1764;0.1778;0.175;0.1722;0.1536;0.1598;0.1536;0.1454;0.1484;0.14853333333333332;0.1479;0.14716
0.022829837589443864;0;0;1;0;-1;0;1;0.004962176930365297;0;0;0;0;0;1;0;0;0;0;0.0942;0.094;0.09393333333333333;0.0939;0.09388
0.9225361286697163;0;0;0;0;0;0;1;0.8527315882338079;0;0;0;0;0;1;0;0;0;0;0.097;0.097;0.097;0.097;0.097
0.03377080587597256;-1;-1;0;0;1;0;0;0.001300600957555154;0;0;1;0;1;0;-1;0;0;0;0.0888;0.0929;0.09426666666666667;0.09495;0.09536
0.27055162188917753;0;0;0;0;0;1;0;0.5258045134211844;0;0;0;1;0;0;0;0;0;0;0.0968;0.0969;0.09693333333333333;0.09695;0.09696
0.2994950598903177;0;0;-1;0;0;0;0;0.028247607551680667;0;0;0;0;0;0;-1;0;0;0;0.1196;0.1196;0.1198;0.1194;0.11864
0.515399555863068;0;-1;0;0;0;-1;1;0.8290998613457224;0;0;0;0;0;0;0;0;0;-1;0.0864;0.0843;0.0842;0.0842;0.08464
2.8158575215730916e-05;0;0;0;0;0;-1;0;0.3417856547223;1;0;0;0;1;0;0;0;0;0;0.132;0.132;0.132;0.132;0.132
0.24502150885351162;0;1;0;0;0;0;-1;0.6814182247496713;0;0;-1;0;0;-1;0;0;1;-1;0.0968;0.0969;0.09693333333333333;0.09695;0.09696
0.1572712909823724;0;0;1;0;0;-1;0;0.4056289218422301;0;0;0;0;0;0;-1;-1;1;0;0.0934;0.0941;0.09446666666666667;0.0946;0.09448
0.19332201615543496;1;0;-1;0;-1;0;0;0.9817663078705061;0;0;1;0;-1;0;0;0;0;0;0.097;0.097;0.097;0.097;0.097
0.7610613573479629;0;1;0;1;0;0;0;0.07193167765820897;0;0;0;0;0;1;0;0;0;0;0.0964;0.0967;0.0968;0.09685;0.09688
1.5640736773180222e-05;0;0;-1;0;0;0;0;0.655210916602497;0;1;0;1;0;1;0;0;0;0;0.0968;0.0969;0.09693333333333333;0.09695;0.09696
0.7683362095770508;0;0;0;-1;0;0;0;0.340379951321152;0;1;0;1;0;0;0;0;0;0;0.0968;0.0969;0.09693333333333333;0.09695;0.09696
0.9605683672396297;1;0;0;0;0;0;0;0.4342036469663336;0;0;0;-1;0;0;0;1;0;0;0.1208;0.1175;0.117;0.11655;0.11636
0.23288325427101622;0;1;0;0;1;0;0;6.954271064287856e-05;0;-1;0;0;0;0;-1;0;0;0;0.107;0.0811;0.0732;0.07445;0.07864
0.4952088444719384;0;0;0;-1;0;0;-1;0.6076065566320467;0;0;0;-1;0;0;0;0;0;0;0.129;0.1262;0.125;0.12455;0.1244
0.0013207575620203024;1;0;0;0;0;0;0;0.06340236280428237;1;0;0;0;0;0;0;-1;0;0;0.148;0.1371;0.1302;0.1256;0.12276
0.06964126287664965;0;1;0;0;0;0;0;0.02271476250753748;0;1;0;0;0;0;0;0;1;1;0.0966;0.0968;0.09686666666666667;0.0969;0.09692
0.6647610097702852;0;0;1;0;0;0;0;0.54812045954107;0;0;0;0;0;0;1;0;0;0;0.0966;0.0968;0.09686666666666667;0.0969;0.09692
0.9415831975575449;0;0;0;0;0;-1;0;0.8382628812838603;0;0;0;0;-1;0;0;0;0;0;0.09681936387277455;0.0969096909690969;0.0969397959863991;0.09695484774238712;0.0969638785551422
0.9465587576236254;0;0;0;0;0;1;0;0.06477141141480346;0;1;0;0;0;0;0;1;0;0;0.097;0.097;0.097;0.097;0.097
0.28091129213723015;0;0;0;0;0;-1;0;0.627920132863463;0;0;0;0;0;0;-1;1;-1;0;0.0568;0.0632;0.06666666666666667;0.0687;0.07056
0.00255776288455465;-1;0;0;0;0;0;0;0.18485890754014633;0;0;0;0;0;1;0;-1;0;-1;0.1136;0.0982;0.09553333333333333;0.0947;0.09452
0.10156106329180081;1;-1;0;0;0;0;0;0.8784109303442811;0;-1;1;0;0;0;0;0;1;0;0.097;0.097;0.097;0.097;0.097
0.10295930718917382;0;0;0;0;0;-1;-1;0.32488175263131785;0;-1;1;0;0;1;0;0;0;0;0.0972;0.0971;0.09706666666666666;0.09705;0.09704
0.846100247009284;1;0;-1;0;0;0;0;0.20891552995651252;0;0;0;1;0;0;0;-1;0;0;0.0962;0.0966;0.09673333333333334;0.0968;0.09684
0.4406761356899108;1;0;0;0;1;0;0;0.557556885506284;0;0;0;1;0;0;0;0;1;1;0.0968;0.0969;0.09693333333333333;0.09695;0.09696
0.10169064642368328;0;0;0;0;0;1;1;0.09329763914337844;0;0;1;0;0;0;0;0;1;0;0.0962;0.0966;0.09673333333333334;0.0968;0.09684
0.013646339449128997;-1;-1;0;0;0;0;0;0.04136578360431176;0;0;0;1;0;0;0;0;0;1;0.1028;0.1028;0.1028;0.1028;0.10148
0.0820976016049157;0;0;0;0;-1;0;0;0.01924567093077423;0;0;0;-1;0;0;0;0;0;0;0.1794;0.1828;0.1758;0.1638;0.1622;0.1676;0.167;0.1582;0.1568;0.1528;0.1552;0.1506;0.1488;0.1497;0.14986666666666668;0.15065;0.1574;0.1568;0.1466
0.006076085316258107;1;0;0;0;1;-1;0;0.0471722000658521;0;0;0;-1;0;0;0;0;0;0;0.1088;0.1136;0.11626666666666667;0.1177;0.11824
0.016981510318973;0;1;-1;0;0;0;0;0.9557286505383187;0;0;0;0;0;-1;0;0;0;0;0.1054;0.1024;0.10246666666666666;0.1011;0.10028
0.14106471016725713;-1;0;0;0;0;0;0;0.14319040806669106;-1;0;0;0;0;0;0;0;0;0;0.0964;0.0967;0.0968;0.09685;0.09688
0.16527982320324922;-1;0;0;0;1;0;0;0.053493656507683535;0;1;0;0;0;0;0;0;0;0;0.097;0.097;0.097;0.097;0.097
0.8530185868767043;0;0;1;0;0;1;1;0.11323711776007216;-1;-1;0;0;0;0;0;0;0;0;0.097;0.097;0.097;0.097;0.097
0.03849617477006943;0;0;0;0;-1;0;0;0.001064058642229107;0;0;0;0;0;0;1;1;0;-1;0.121;0.1198;0.11926666666666667;0.11935;0.1198
0.5518503341321234;0;0;0;1;1;0;-1;0.08168045236904714;0;-1;-1;-1;0;0;0;0;0;0;0.097;0.097;0.097;0.097;0.097
0.03767610949349381;0;0;0;0;0;-1;0;0.11395164444740777;0;0;0;-1;0;0;0;0;0;-1;0.1236;0.1229;0.1214;0.12045;0.1196
0.0028641542491626075;1;1;0;0;0;0;0;0.16371977807006557;0;0;0;-1;0;1;0;0;0;0;0.138;0.1473;0.152;0.1626;0.1646;0.1628;0.1636;0.1634;0.17023404680936188;0.1606;0.1714;0.1588;0.1598;0.1616;0.1624;0.1616;0.1594;0.1542;0.1552;0.1554;0.16;0.152;0.1654;0.153;0.1534;0.158;0.1586;0.1572;0.155;0.1492
0.4169545554645803;0;-1;0;0;0;0;0;0.6131826694315743;0;1;0;-1;1;0;0;0;-1;0;0.0968;0.0969;0.09693333333333333;0.09695;0.09696
0.2968019937066961;1;0;0;0;0;0;0;0.955088214283449;0;0;0;0;0;0;0;0;1;1;0.0968;0.0969;0.09693333333333333;0.09695;0.09696
0.018481264768988634;0;0;0;0;0;0;-1;0.038654911702888;0;0;0;0;0;0;-1;0;0;0;0.053;0.0744;0.08933333333333333;0.09695;0.1016
0.0002956769429438231;1;-1;0;0;0;1;0;0.12215275907464167;1;0;1;0;1;0;0;-1;0;0;0.096;0.0965;0.09666666666666666;0.09675;0.0968
0.6953129479014546;0;0;1;0;0;0;0;0.24452653797796653;0;0;0;0;0;0;0;0;-1;0;0.1132;0.1071;0.10493333333333334;0.10355;0.1028
0.056642350976505135;-1;0;0;0;0;0;0;0.31431221106523166;0;0;0;-1;0;1;0;0;0;0;0.1056;0.1238;0.13753333333333334;0.145;0.14948
0.07288565700386851;-1;0;0;0;0;0;1;0.7515333536460657;0;0;0;0;0;0;0;0;1;1;0.097;0.097;0.097;0.097;0.097
0.002415839955058945;0;0;1;0;-1;0;0;0.09441524572900739;0;0;0;0;0;0;0;0;0;-1;0.1408;0.1386;0.13693333333333332;0.1351;0.13432
0.012128139367301753;0;0;-1;0;0;1;0;0.3078185954907857;0;0;0;1;0;0;0;0;0;0;0.0968;0.0969;0.09693333333333333;0.09695;0.09696
0.003167859077053707;0;0;0;0;-1;0;0;0.005112943181578483;0;-1;0;1;0;0;0;0;0;1;0.095;0.096;0.09633333333333334;0.0965;0.0966
0.051844723969308906;0;0;-1;0;1;0;0;0.0034506041714625177;-1;0;0;1;0;0;0;0;-1;0;0.1028;0.1028;0.1028;0.10195;0.103
0.7479125142344849;0;-1;0;0;0;1;0;0.6034509465116595;0;0;0;1;0;0;0;0;0;0;0.0966;0.0968;0.09686666666666667;0.0969;0.09692
0.15338853262521282;0;0;1;0;0;0;0;0.35287995355776236;0;0;0;0;0;-1;0;0;0;1;0.0954;0.0962;0.09646666666666667;0.0966;0.09668
0.05484956241423278;0;0;0;0;0;0;-1;0.008451056328933771;0;0;0;0;0;-1;0;0;-1;-1;0.1018;0.0976;0.09953333333333333;0.09865;0.09812
0.6314321145325444;0;0;1;0;0;0;0;0.808053588059215;0;0;0;0;0;0;-1;0;0;0;0.0736;0.0779;0.08073333333333334;0.082;0.08272
0.9020032670858346;0;0;0;0;0;-1;-1;0.4486386985057335;0;0;0;1;0;0;0;0;0;-1;0.0962;0.0962;0.0962;0.0962;0.0962
0.00232853453934348;0;0;0;0;-1;0;-1;0.040824129167301;0;0;0;0;0;-1;0;0;0;0;0.026;0.0508;0.06493333333333333;0.0615;0.05492
0.014464135657485446;0;0;0;0;0;1;0;0.595535320821968;-1;0;0;0;0;0;-1;0;-1;0;0.1022;0.1016;0.1014;0.1013;0.10124
0.16098047338620133;1;0;-1;0;0;0;0;4.898636904116428e-05;0;0;0;0;1;0;0;0;0;0;0.107;0.1045;0.10173333333333333;0.0988;0.09668
0.14458343886612765;0;0;0;0;0;1;0;0.26343528063491595;0;1;0;0;0;0;0;0;0;0;0.096;0.0965;0.09666666666666666;0.09675;0.0968
0.7950213460639506;0;0;-1;0;0;1;0;0.03252264139401487;0;0;0;0;-1;0;0;-1;0;0;0.1028;0.1028;0.1028;0.1028;0.1028
0.07270005695818899;0;1;0;-1;0;0;0;6.03495633386831e-05;0;0;1;-1;0;0;0;0;-1;0;0.0636;0.0614;0.0634;0.06425;0.06196
0.12076231798458441;0;0;1;0;0;1;0;0.004379600277586079;0;0;0;1;0;0;1;-1;0;-1;0.1002;0.1037;0.10233333333333333;0.10085;0.10112
0.7392106145371508;0;0;0;0;0;0;-1;0.22670135434202354;0;0;0;1;0;-1;0;0;0;0;0.096;0.0965;0.09666666666666666;0.09675;0.0968
0.5446662639843225;0;0;0;0;0;0;1;0.26151589448617085;0;0;0;0;0;1;0;0;0;0;0.0966;0.0968;0.09686666666666667;0.0969;0.09692
